Bank,Criterion,Proposed_Score,Candidate_Rows,Traceable_Candidate_Rows,Approved_Rows,Review_Status,Review_Note
Vietcombank,C1,70.0,1,1,1,ĐÃ DUYỆT,Có bằng chứng đã duyệt cho kỳ đánh giá 2025.
Vietcombank,C2,,1,0,0,N/D - CẦN RÀ SOÁT,Chưa có điểm đề xuất; rà bằng chứng trước khi quyết định chấm hay giữ N/D. Dòng ứng viên có cả tử số và mẫu số: 0; cần xác minh cùng phạm vi.
Vietcombank,C3,100,1,1,1,ĐÃ DUYỆT,Có bằng chứng đã duyệt cho kỳ đánh giá 2025.
Vietcombank,S1,70.0,1,0,0,CẦN ĐỐI CHIẾU,"Điểm hiện tại là đề xuất; kiểm tra nội dung, mức rubric, nguồn và vị trí trước khi duyệt."
Vietcombank,S2,70,1,1,0,CẦN ĐỐI CHIẾU,"Điểm hiện tại là đề xuất; kiểm tra nội dung, mức rubric, nguồn và vị trí trước khi duyệt."
Vietcombank,S3,70.0,1,1,1,ĐÃ DUYỆT,Có bằng chứng đã duyệt cho kỳ đánh giá 2025.
Vietcombank,T1,70.0,1,1,1,ĐÃ DUYỆT,Có bằng chứng đã duyệt cho kỳ đánh giá 2025.
Vietcombank,T2,70.0,1,1,1,ĐÃ DUYỆT,Có bằng chứng đã duyệt cho kỳ đánh giá 2025.
Vietcombank,T3,70.0,1,1,1,ĐÃ DUYỆT,Có bằng chứng đã duyệt cho kỳ đánh giá 2025.
Vietcombank,T4,50.0,1,0,0,CẦN ĐỐI CHIẾU,"Điểm hiện tại là đề xuất; kiểm tra nội dung, mức rubric, nguồn và vị trí trước khi duyệt."
Vietcombank,O1,91.4,1,1,1,ĐÃ DUYỆT,Có bằng chứng đã duyệt cho kỳ đánh giá 2025. Dòng ứng viên có cả tử số và mẫu số: 1; cần xác minh cùng phạm vi.
Vietcombank,O2,70.0,1,1,1,ĐÃ DUYỆT,Có bằng chứng đã duyệt cho kỳ đánh giá 2025.
Vietcombank,O3,70.0,1,0,0,CẦN ĐỐI CHIẾU,"Điểm hiện tại là đề xuất; kiểm tra nội dung, mức rubric, nguồn và vị trí trước khi duyệt."
Vietcombank,H1,70.0,1,1,1,ĐÃ DUYỆT,Có bằng chứng đã duyệt cho kỳ đánh giá 2025.
Vietcombank,H2,70.0,1,1,1,ĐÃ DUYỆT,Có bằng chứng đã duyệt cho kỳ đánh giá 2025.
Vietcombank,H3,70.0,1,1,1,ĐÃ DUYỆT,Có bằng chứng đã duyệt cho kỳ đánh giá 2025.
Vietcombank,D1,50.0,1,1,1,ĐÃ DUYỆT,Có bằng chứng đã duyệt cho kỳ đánh giá 2025.
Vietcombank,D2,70.0,1,1,1,ĐÃ DUYỆT,Có bằng chứng đã duyệt cho kỳ đánh giá 2025.
Vietcombank,D3,70.0,1,0,0,CẦN ĐỐI CHIẾU,"Điểm hiện tại là đề xuất; kiểm tra nội dung, mức rubric, nguồn và vị trí trước khi duyệt."
VPBank,C1,70.0,9,8,0,CẦN ĐỐI CHIẾU,"Điểm hiện tại là đề xuất; kiểm tra nội dung, mức rubric, nguồn và vị trí trước khi duyệt."
VPBank,C2,,1,0,0,N/D - CẦN RÀ SOÁT,Chưa có điểm đề xuất; rà bằng chứng trước khi quyết định chấm hay giữ N/D. Dòng ứng viên có cả tử số và mẫu số: 0; cần xác minh cùng phạm vi.
VPBank,C3,70,1,1,1,ĐÃ DUYỆT,Có bằng chứng đã duyệt cho kỳ đánh giá 2025.
VPBank,S1,70.0,9,8,0,CẦN ĐỐI CHIẾU,"Điểm hiện tại là đề xuất; kiểm tra nội dung, mức rubric, nguồn và vị trí trước khi duyệt."
VPBank,S2,30,9,9,0,CẦN ĐỐI CHIẾU,"Điểm hiện tại là đề xuất; kiểm tra nội dung, mức rubric, nguồn và vị trí trước khi duyệt."
VPBank,S3,70.0,9,8,0,CẦN ĐỐI CHIẾU,"Điểm hiện tại là đề xuất; kiểm tra nội dung, mức rubric, nguồn và vị trí trước khi duyệt."
VPBank,T1,70.0,6,5,0,CẦN ĐỐI CHIẾU,"Điểm hiện tại là đề xuất; kiểm tra nội dung, mức rubric, nguồn và vị trí trước khi duyệt."
VPBank,T2,50.0,4,3,0,CẦN ĐỐI CHIẾU,"Điểm hiện tại là đề xuất; kiểm tra nội dung, mức rubric, nguồn và vị trí trước khi duyệt."
VPBank,T3,70.0,9,8,1,ĐÃ DUYỆT,Có bằng chứng đã duyệt cho kỳ đánh giá 2025.
VPBank,T4,70.0,4,3,1,ĐÃ DUYỆT,Có bằng chứng đã duyệt cho kỳ đánh giá 2025.
VPBank,O1,,8,8,0,N/D - CẦN RÀ SOÁT,Chưa có điểm đề xuất; rà bằng chứng trước khi quyết định chấm hay giữ N/D. Dòng ứng viên có cả tử số và mẫu số: 0; cần xác minh cùng phạm vi.
VPBank,O2,70.0,9,8,0,CẦN ĐỐI CHIẾU,"Điểm hiện tại là đề xuất; kiểm tra nội dung, mức rubric, nguồn và vị trí trước khi duyệt."
VPBank,O3,70.0,4,3,0,CẦN ĐỐI CHIẾU,"Điểm hiện tại là đề xuất; kiểm tra nội dung, mức rubric, nguồn và vị trí trước khi duyệt."
VPBank,H1,70.0,5,4,0,CẦN ĐỐI CHIẾU,"Điểm hiện tại là đề xuất; kiểm tra nội dung, mức rubric, nguồn và vị trí trước khi duyệt."
VPBank,H2,70.0,9,8,0,CẦN ĐỐI CHIẾU,"Điểm hiện tại là đề xuất; kiểm tra nội dung, mức rubric, nguồn và vị trí trước khi duyệt."
VPBank,H3,,0,0,0,N/D - CẦN TÌM NGUỒN,Chưa có dòng bằng chứng ứng viên cho tiêu chí này.
VPBank,D1,70.0,7,6,0,CẦN ĐỐI CHIẾU,"Điểm hiện tại là đề xuất; kiểm tra nội dung, mức rubric, nguồn và vị trí trước khi duyệt."
VPBank,D2,50.0,7,6,0,CẦN ĐỐI CHIẾU,"Điểm hiện tại là đề xuất; kiểm tra nội dung, mức rubric, nguồn và vị trí trước khi duyệt."
VPBank,D3,70.0,9,8,0,CẦN ĐỐI CHIẾU,"Điểm hiện tại là đề xuất; kiểm tra nội dung, mức rubric, nguồn và vị trí trước khi duyệt."
ACB,C1,70.0,9,8,0,CẦN ĐỐI CHIẾU,"Điểm hiện tại là đề xuất; kiểm tra nội dung, mức rubric, nguồn và vị trí trước khi duyệt."
ACB,C2,,2,1,0,N/D - CẦN RÀ SOÁT,Chưa có điểm đề xuất; rà bằng chứng trước khi quyết định chấm hay giữ N/D. Dòng ứng viên có cả tử số và mẫu số: 0; cần xác minh cùng phạm vi.
ACB,C3,100,1,1,1,ĐÃ DUYỆT,Có bằng chứng đã duyệt cho kỳ đánh giá 2025.
ACB,S1,70.0,9,8,0,CẦN ĐỐI CHIẾU,"Điểm hiện tại là đề xuất; kiểm tra nội dung, mức rubric, nguồn và vị trí trước khi duyệt."
ACB,S2,50,9,9,0,CẦN ĐỐI CHIẾU,"Điểm hiện tại là đề xuất; kiểm tra nội dung, mức rubric, nguồn và vị trí trước khi duyệt."
ACB,S3,70.0,6,5,0,CẦN ĐỐI CHIẾU,"Điểm hiện tại là đề xuất; kiểm tra nội dung, mức rubric, nguồn và vị trí trước khi duyệt."
ACB,T1,70.0,1,1,1,ĐÃ DUYỆT,Có bằng chứng đã duyệt cho kỳ đánh giá 2025.
ACB,T2,50.0,4,4,1,ĐÃ DUYỆT,Có bằng chứng đã duyệt cho kỳ đánh giá 2025.
ACB,T3,70.0,9,8,1,ĐÃ DUYỆT,Có bằng chứng đã duyệt cho kỳ đánh giá 2025.
ACB,T4,50.0,1,1,0,CẦN ĐỐI CHIẾU,"Điểm hiện tại là đề xuất; kiểm tra nội dung, mức rubric, nguồn và vị trí trước khi duyệt."
ACB,O1,,9,8,0,N/D - CẦN RÀ SOÁT,Chưa có điểm đề xuất; rà bằng chứng trước khi quyết định chấm hay giữ N/D. Dòng ứng viên có cả tử số và mẫu số: 0; cần xác minh cùng phạm vi.
ACB,O2,70.0,6,5,0,CẦN ĐỐI CHIẾU,"Điểm hiện tại là đề xuất; kiểm tra nội dung, mức rubric, nguồn và vị trí trước khi duyệt."
ACB,O3,70.0,5,4,0,CẦN ĐỐI CHIẾU,"Điểm hiện tại là đề xuất; kiểm tra nội dung, mức rubric, nguồn và vị trí trước khi duyệt."
ACB,H1,50.0,5,5,0,CẦN ĐỐI CHIẾU,"Điểm hiện tại là đề xuất; kiểm tra nội dung, mức rubric, nguồn và vị trí trước khi duyệt."
ACB,H2,70.0,4,3,0,CẦN ĐỐI CHIẾU,"Điểm hiện tại là đề xuất; kiểm tra nội dung, mức rubric, nguồn và vị trí trước khi duyệt."
ACB,H3,70.0,1,0,0,CẦN ĐỐI CHIẾU,"Điểm hiện tại là đề xuất; kiểm tra nội dung, mức rubric, nguồn và vị trí trước khi duyệt."
ACB,D1,70.0,5,4,0,CẦN ĐỐI CHIẾU,"Điểm hiện tại là đề xuất; kiểm tra nội dung, mức rubric, nguồn và vị trí trước khi duyệt."
ACB,D2,70.0,5,4,0,CẦN ĐỐI CHIẾU,"Điểm hiện tại là đề xuất; kiểm tra nội dung, mức rubric, nguồn và vị trí trước khi duyệt."
ACB,D3,70.0,9,8,0,CẦN ĐỐI CHIẾU,"Điểm hiện tại là đề xuất; kiểm tra nội dung, mức rubric, nguồn và vị trí trước khi duyệt."
OCB,C1,70.0,10,9,1,ĐÃ DUYỆT,Có bằng chứng đã duyệt cho kỳ đánh giá 2025.
OCB,C2,88.0,2,1,0,CẦN ĐỐI CHIẾU,"Điểm hiện tại là đề xuất; kiểm tra nội dung, mức rubric, nguồn và vị trí trước khi duyệt. Dòng ứng viên có cả tử số và mẫu số: 1; cần xác minh cùng phạm vi."
OCB,C3,70,1,1,1,ĐÃ DUYỆT,Có bằng chứng đã duyệt cho kỳ đánh giá 2025.
OCB,S1,70.0,9,9,1,ĐÃ DUYỆT,Có bằng chứng đã duyệt cho kỳ đánh giá 2025.
OCB,S2,50,9,9,0,CẦN ĐỐI CHIẾU,"Điểm hiện tại là đề xuất; kiểm tra nội dung, mức rubric, nguồn và vị trí trước khi duyệt."
OCB,S3,70.0,5,5,1,ĐÃ DUYỆT,Có bằng chứng đã duyệt cho kỳ đánh giá 2025.
OCB,T1,70.0,5,4,1,ĐÃ DUYỆT,Có bằng chứng đã duyệt cho kỳ đánh giá 2025.
OCB,T2,50.0,2,1,1,ĐÃ DUYỆT,Có bằng chứng đã duyệt cho kỳ đánh giá 2025.
OCB,T3,70.0,6,6,0,CẦN ĐỐI CHIẾU,"Điểm hiện tại là đề xuất; kiểm tra nội dung, mức rubric, nguồn và vị trí trước khi duyệt."
OCB,T4,70.0,5,4,1,ĐÃ DUYỆT,Có bằng chứng đã duyệt cho kỳ đánh giá 2025.
OCB,O1,98.0,7,7,1,ĐÃ DUYỆT,Có bằng chứng đã duyệt cho kỳ đánh giá 2025. Dòng ứng viên có cả tử số và mẫu số: 1; cần xác minh cùng phạm vi.
OCB,O2,50.0,6,5,1,ĐÃ DUYỆT,Có bằng chứng đã duyệt cho kỳ đánh giá 2025.
OCB,O3,70.0,3,2,1,ĐÃ DUYỆT,Có bằng chứng đã duyệt cho kỳ đánh giá 2025.
OCB,H1,70.0,7,7,1,ĐÃ DUYỆT,Có bằng chứng đã duyệt cho kỳ đánh giá 2025.
OCB,H2,70.0,5,4,0,CẦN ĐỐI CHIẾU,"Điểm hiện tại là đề xuất; kiểm tra nội dung, mức rubric, nguồn và vị trí trước khi duyệt."
OCB,H3,,0,0,0,N/D - CẦN TÌM NGUỒN,Chưa có dòng bằng chứng ứng viên cho tiêu chí này.
OCB,D1,70.0,4,3,1,ĐÃ DUYỆT,Có bằng chứng đã duyệt cho kỳ đánh giá 2025.
OCB,D2,70.0,3,2,0,CẦN ĐỐI CHIẾU,"Điểm hiện tại là đề xuất; kiểm tra nội dung, mức rubric, nguồn và vị trí trước khi duyệt."
OCB,D3,50.0,10,9,1,ĐÃ DUYỆT,Có bằng chứng đã duyệt cho kỳ đánh giá 2025.
Agribank,C1,70.0,9,9,1,ĐÃ DUYỆT,Có bằng chứng đã duyệt cho kỳ đánh giá 2025.
Agribank,C2,47.0,1,1,0,CẦN ĐỐI CHIẾU,"Điểm hiện tại là đề xuất; kiểm tra nội dung, mức rubric, nguồn và vị trí trước khi duyệt. Dòng ứng viên có cả tử số và mẫu số: 1; cần xác minh cùng phạm vi."
Agribank,C3,70,1,1,1,ĐÃ DUYỆT,Có bằng chứng đã duyệt cho kỳ đánh giá 2025.
Agribank,S1,70.0,9,9,1,ĐÃ DUYỆT,Có bằng chứng đã duyệt cho kỳ đánh giá 2025.
Agribank,S2,50,9,9,0,CẦN ĐỐI CHIẾU,"Điểm hiện tại là đề xuất; kiểm tra nội dung, mức rubric, nguồn và vị trí trước khi duyệt."
Agribank,S3,70.0,8,8,1,ĐÃ DUYỆT,Có bằng chứng đã duyệt cho kỳ đánh giá 2025.
Agribank,T1,70.0,1,1,1,ĐÃ DUYỆT,Có bằng chứng đã duyệt cho kỳ đánh giá 2025.
Agribank,T2,50.0,3,2,0,CẦN ĐỐI CHIẾU,"Điểm hiện tại là đề xuất; kiểm tra nội dung, mức rubric, nguồn và vị trí trước khi duyệt."
Agribank,T3,70.0,9,9,1,ĐÃ DUYỆT,Có bằng chứng đã duyệt cho kỳ đánh giá 2025.
Agribank,T4,70.0,4,4,1,ĐÃ DUYỆT,Có bằng chứng đã duyệt cho kỳ đánh giá 2025.
Agribank,O1,97.0,8,8,1,ĐÃ DUYỆT,Có bằng chứng đã duyệt cho kỳ đánh giá 2025. Dòng ứng viên có cả tử số và mẫu số: 2; cần xác minh cùng phạm vi.
Agribank,O2,70.0,5,5,1,ĐÃ DUYỆT,Có bằng chứng đã duyệt cho kỳ đánh giá 2025.
Agribank,O3,70.0,1,0,0,CẦN ĐỐI CHIẾU,"Điểm hiện tại là đề xuất; kiểm tra nội dung, mức rubric, nguồn và vị trí trước khi duyệt."
Agribank,H1,70.0,7,7,1,ĐÃ DUYỆT,Có bằng chứng đã duyệt cho kỳ đánh giá 2025.
Agribank,H2,70.0,6,5,0,CẦN ĐỐI CHIẾU,"Điểm hiện tại là đề xuất; kiểm tra nội dung, mức rubric, nguồn và vị trí trước khi duyệt."
Agribank,H3,70.0,1,1,1,ĐÃ DUYỆT,Có bằng chứng đã duyệt cho kỳ đánh giá 2025.
Agribank,D1,70.0,2,2,1,ĐÃ DUYỆT,Có bằng chứng đã duyệt cho kỳ đánh giá 2025.
Agribank,D2,70.0,3,2,0,CẦN ĐỐI CHIẾU,"Điểm hiện tại là đề xuất; kiểm tra nội dung, mức rubric, nguồn và vị trí trước khi duyệt."
Agribank,D3,70.0,6,6,1,ĐÃ DUYỆT,Có bằng chứng đã duyệt cho kỳ đánh giá 2025.
