Bank,Pillar,Criterion,Criterion_Name,Raw_Value,Score,Evidence,Source,Page,URL,Evidence_Type,Validation_Note
ACB,Customer,C1,Mức độ bao phủ kênh/dịch vụ số,,70,"Mở rộng tiện ích trên nền tảng số và hệ sinh thái du lịch–giải trí, ACB Rewards.",ACB BCTN 2025,,,Qualitative,
ACB,Customer,C2,Mức độ khách hàng sử dụng kênh số,"+30% giao dịch trực tuyến; +12,5% khách hàng giao dịch trực tuyến bình quân tháng",70,Mức sử dụng kênh số tăng rõ rệt trong 2025.,ACB BCTN 2025,,,Quantitative,
ACB,Customer,C3,Chất lượng trải nghiệm số,,,Chưa có chỉ số trải nghiệm khách hàng công khai đủ tương thích với proxy đã chốt.,ACB BCTN 2025,,,N/D,
ACB,Strategy,S1,Chiến lược và lộ trình chuyển đổi số,,70,"Chiến lược toàn hàng 2025–2030, 5 bước đi lớn và 21 sáng kiến.",ACB BCTN 2025,4,,Qualitative,
ACB,Strategy,S2,Đầu tư/ngân sách cho chuyển đổi số,,,Không tìm thấy số ngân sách/chi đầu tư CĐS đủ rõ để quy đổi điểm.,ACB BCTN 2025,,,N/D,
ACB,Strategy,S3,Hệ sinh thái và quan hệ đối tác số,,70,Mở rộng hệ sinh thái sản phẩm tài chính và liên kết/quản trị hệ sinh thái.,ACB BCTN 2025,104,,Qualitative,
ACB,Technology,T1,eKYC và sinh trắc học,,,Chưa tìm thấy số liệu triển khai eKYC/sinh trắc học đủ định lượng trong nguồn đã xác minh.,ACB BCTN 2025,,,N/D,
ACB,Technology,T2,Cho vay số/digital lending,,,Chưa có bằng chứng công khai đủ cụ thể về digital lending để chấm độc lập.,ACB BCTN 2025,,,N/D,
ACB,Technology,T3,AI/GenAI,97% áp dụng GenAI KHDN; chatbot 90.000+ người dùng; độ chính xác 96%,70,GenAI được đưa vào vận hành và có kết quả định lượng; Trợ lý ảo ONE–GenAI KHDN đạt 97% áp dụng toàn hệ thống.,ACB BCTN 2025,50-51,,Qualitative,
ACB,Technology,T4,Open Banking/API,,,Chưa có bằng chứng Open Banking/API đủ rõ trong nguồn đã xác minh.,ACB BCTN 2025,,,N/D,
ACB,Operations,O1,Tỷ trọng giao dịch trên kênh số,>98% giao dịch qua kênh số; >90% qua ACB ONE,98,Tỷ trọng giao dịch số được ACB công bố trực tiếp.,ACB BCTN 2025,,,Quantitative,"Giữ nguyên số liệu báo cáo, không chuyển qua thang 0/30/50/70/100."
ACB,Operations,O2,Số hóa/tự động hóa quy trình,,70,"Đầu tư công nghệ, dữ liệu và AI để tự động hóa vận hành, tối ưu hiệu quả.",ACB BCTN 2025,104,,Qualitative,
ACB,Operations,O3,Vận hành dịch vụ số,,70,"AI Chatbot triển khai trên ACB ONE và website, hỗ trợ tra cứu/giao dịch tự nhiên.",ACB BCTN 2025,50-51,,Qualitative,
ACB,Culture,H1,Đào tạo và năng lực số,,,Chưa có số liệu đào tạo năng lực số đủ cụ thể trong nguồn đã xác minh.,ACB BCTN 2025,,,N/D,
ACB,Culture,H2,Đổi mới sáng tạo,,70,Chiến lược đặt phát triển nguồn nhân lực và văn hóa đổi mới là trọng tâm.,ACB BCTN 2025,26,,Qualitative,
ACB,Culture,H3,Quản trị thay đổi và văn hóa số,,70,"Chiến lược 2025–2030 gắn đổi mới, số hóa và thay đổi mô hình vận hành.",ACB BCTN 2025,"26,104",,Qualitative,
ACB,Data,D1,Kiến trúc và tích hợp dữ liệu,,70,Đầu tư dữ liệu và hạ tầng công nghệ để phục vụ chuyển đổi số.,ACB BCTN 2025,104,,Qualitative,
ACB,Data,D2,Quản trị và an toàn dữ liệu,,70,"Tăng độ ổn định, an toàn và tích hợp hạ tầng; quản trị rủi ro và kiểm soát nội bộ được duy trì.",ACB BCTN 2025,104,,Qualitative,
ACB,Data,D3,Phân tích dữ liệu và cá nhân hóa,,70,"AI-driven banking tập trung dữ liệu, AI và nền tảng số để cá nhân hóa trải nghiệm.",ACB BCTN 2025,26,,Qualitative,
VPBank,Customer,C1,Mức độ bao phủ kênh/dịch vụ số,,70,VPBank NEO phát triển thành ngân hàng số toàn năng; hơn 60 trải nghiệm số toàn trình được vận hành.,VPBank,,https://www.vpbank.com.vn/tin-tuc/thong-cao-bao-chi/2026/vpbank-nhan-3-giai-thuong-nganh-ngan-hang-tai-giai-thuong-the-asian-banker,Qualitative,
VPBank,Customer,C2,Mức độ khách hàng sử dụng kênh số,"3,74 triệu người dùng mới; 713 triệu giao dịch trực tuyến trong 2025",70,Quy mô sử dụng kênh số lớn và được công bố định lượng.,VPBank,,https://www.vpbank.com.vn/tin-tuc/thong-cao-bao-chi/2026/vpbank-nhan-3-giai-thuong-nganh-ngan-hang-tai-giai-thuong-the-asian-banker,Quantitative,
VPBank,Customer,C3,Chất lượng trải nghiệm số,,,Chưa có một chỉ số satisfaction/app rating được dùng thống nhất cho toàn ngân hàng trong bộ dữ liệu.,VPBank,,,N/D,
VPBank,Strategy,S1,Chiến lược và lộ trình chuyển đổi số,,70,"VPBank xác định chuyển đổi số, AI, GenAI, Big Data và hệ sinh thái là các hướng chiến lược.",VPBank,,https://www.vpbank.com.vn/tin-tuc/thong-cao-bao-chi/2025/bam-sat-ke-hoach-nam-2025-vpbank-ghi-nhan-ket-qua-kinh-doanh-tich-cuc-trong-quy-i,Qualitative,
VPBank,Strategy,S2,Đầu tư/ngân sách cho chuyển đổi số,,,Có tuyên bố đầu tư công nghệ/dữ liệu/con người nhưng chưa có số ngân sách đủ chuẩn để chấm.,VPBank BCTN 2025,,,N/D,
VPBank,Strategy,S3,Hệ sinh thái và quan hệ đối tác số,,70,"Hệ sinh thái gồm VPBankS, FE CREDIT, OPES và đối tác; hợp tác chiến lược với MobiFone.",VPBank,,https://www.vpbank.com.vn/tin-tuc/thong-cao-bao-chi/2025/bam-sat-ke-hoach-nam-2025-vpbank-ghi-nhan-ket-qua-kinh-doanh-tich-cuc-trong-quy-i,Qualitative,
VPBank,Technology,T1,eKYC và sinh trắc học,eKYC,70,Mở tài khoản eKYC trực tuyến; triển khai eKYC trong sản phẩm số.,VPBank,,https://www.vpbank.com.vn/tin-tuc/tin-vpbank/2025/tien-loi-nhanh-chong-mo-tai-khoan-doanh-nghiep-vpbank-ngay-tren-ung-dung-an-vui-va-finanbook,Qualitative,
VPBank,Technology,T2,Cho vay số/digital lending,,50,Có đăng ký vay và các luồng sản phẩm tín dụng trên nền tảng số; chưa có chỉ tiêu kết quả end-to-end đủ định lượng.,VPBank,,https://www.vpbank.com.vn/tin-tuc/tin-vpbank/2025/vpbank-thong-bao-nang-cap-he-thong-ngay-26-05-2025,Qualitative,
VPBank,Technology,T3,AI/GenAI,CAIP + ezGenAI,70,"AI/GenAI được triển khai trên nhiều khối nghiệp vụ; tự phục vụ >95%, phản hồi 6–10 giây.",VPBank,,https://www.vpbank.com.vn/ve-chung-toi/giai-thuong/2025/vpbank-duoc-vinh-danh-doanh-nghiep-chuyen-doi-so-xuat-sac-tai-vnda-2025,Qualitative,
VPBank,Technology,T4,Open Banking/API,Open Banking API,70,"VPBank áp dụng Open Banking API và cung cấp API cho thanh toán, ví điện tử, tiết kiệm, ủy quyền thanh toán, trái phiếu.",VPBank,,https://www.vpbank.com.vn/tin-tuc/tin-vpbank/2025/open-api-nen-tang-mo-cho-moi-tich-hop-thong-minh,Qualitative,
VPBank,Operations,O1,Tỷ trọng giao dịch trên kênh số,,,Chưa có tỷ trọng giao dịch số trên tổng giao dịch phù hợp mẫu số.,VPBank,,,N/D,
VPBank,Operations,O2,Số hóa/tự động hóa quy trình,,70,Đẩy mạnh số hóa quy trình nghiệp vụ; GenAI tự động hóa và số hóa quy trình nội bộ.,VPBank,,https://www.vpbank.com.vn/ve-chung-toi/giai-thuong/2025/vpbank-duoc-vinh-danh-doanh-nghiep-chuyen-doi-so-xuat-sac-tai-vnda-2025,Qualitative,
VPBank,Operations,O3,Vận hành dịch vụ số,"99,96% ổn định; 99,984% hoàn tất quy trình/giao dịch",70,VPBank NEO có độ ổn định và tỷ lệ hoàn tất quy trình/giao dịch được công bố.,VPBank,,https://www.vpbank.com.vn/tin-tuc/thong-cao-bao-chi/2026/vpbank-nhan-3-giai-thuong-nganh-ngan-hang-tai-giai-thuong-the-asian-banker,Quantitative,
VPBank,Culture,H1,Đào tạo và năng lực số,,70,Đầu tư phát triển nghề nghiệp và đội ngũ gần 30.000 nhân sự.,VPBank BCTN 2025,,,Qualitative,
VPBank,Culture,H2,Đổi mới sáng tạo,,70,Được ghi nhận về đổi mới sáng tạo và ứng dụng AI/GenAI trong vận hành.,VPBank,,https://www.vpbank.com.vn/ve-chung-toi/giai-thuong/2025/vpbank-duoc-vinh-danh-doanh-nghiep-chuyen-doi-so-xuat-sac-tai-vnda-2025,Qualitative,
VPBank,Culture,H3,Quản trị thay đổi và văn hóa số,,,Chưa có bằng chứng riêng đủ mạnh về quản trị thay đổi/văn hóa số toàn hệ thống.,VPBank,,,N/D,
VPBank,Data,D1,Kiến trúc và tích hợp dữ liệu,"đa nguồn dữ liệu, cloud riêng",70,CAIP kết nối đa nguồn dữ liệu; hạ tầng cloud và Open API được triển khai.,VPBank,,https://www.vpbank.com.vn/ve-chung-toi/giai-thuong/2025/vpbank-duoc-vinh-danh-doanh-nghiep-chuyen-doi-so-xuat-sac-tai-vnda-2025,Qualitative,
VPBank,Data,D2,Quản trị và an toàn dữ liệu,,50,Nguồn công khai nhấn mạnh bảo mật/an toàn dữ liệu trong Open Banking; chưa đủ để kết luận mức 70.,VPBank,,https://www.vpbank.com.vn/tin-tuc/tin-vpbank/2025/open-api-nen-tang-mo-cho-moi-tich-hop-thong-minh,Qualitative,
VPBank,Data,D3,Phân tích dữ liệu và cá nhân hóa,ezData Agent; AI phân tích dữ liệu,70,GenAI và phân tích dữ liệu được ứng dụng trong nhiều khối nghiệp vụ.,VPBank,,https://www.vpbank.com.vn/ve-chung-toi/giai-thuong/2025/vpbank-duoc-vinh-danh-doanh-nghiep-chuyen-doi-so-xuat-sac-tai-vnda-2025,Qualitative,
OCB,Customer,C1,Mức độ bao phủ kênh/dịch vụ số,>200 tiện ích trên OCB OMNI,70,OCB OMNI cung cấp hệ sinh thái hơn 200 tiện ích trên một nền tảng.,OCB,,https://ocb.com.vn/vi/tin-tuc-su-kien/tin-tuc/ocb-hop-tac-cung-trung-tam-du-lieu-quoc-gia-thuc-hien-xac-thuc-dien-tu-qua-vneid?isinwebview=true,Qualitative,
OCB,Customer,C2,Mức độ khách hàng sử dụng kênh số,+97% giao dịch OCB OMNI,50,"Số giao dịch trên OCB OMNI tăng 97% so với cùng kỳ; không phải tỷ trọng tổng giao dịch nên chỉ dùng làm bằng chứng mức sử dụng, không phải điểm định lượng trực tiếp.",OCB,,https://ocb.com.vn/vi/tin-tuc-su-kien/tin-tuc/ocb-hop-tac-cung-trung-tam-du-lieu-quoc-gia-thuc-hien-xac-thuc-dien-tu-qua-vneid?isinwebview=true,Qualitative,
OCB,Customer,C3,Chất lượng trải nghiệm số,,,Chưa có chỉ số satisfaction/rating thống nhất đủ để chấm.,OCB,,,N/D,
OCB,Strategy,S1,Chiến lược và lộ trình chuyển đổi số,,70,"OCB kiên định thực thi chiến lược, tối ưu vận hành và tăng cường quản trị.",OCB BCTN 2025,7,,Qualitative,
OCB,Strategy,S2,Đầu tư/ngân sách cho chuyển đổi số,,,Chưa có ngân sách CĐS công khai đủ rõ để chấm.,OCB BCTN 2025,,,N/D,
OCB,Strategy,S3,Hệ sinh thái và quan hệ đối tác số,,70,"Định hướng mở rộng hoạt động, sản phẩm và hệ sinh thái tài chính.",OCB BCTN 2025,,,Qualitative,
OCB,Technology,T1,eKYC và sinh trắc học,eKYC/VNeID,70,Xác thực điện tử qua VNeID trên OCB OMNI; eKYC qua API.,OCB,,https://ocb.com.vn/vi/tin-tuc-su-kien/tin-tuc/ocb-hop-tac-cung-trung-tam-du-lieu-quoc-gia-thuc-hien-xac-thuc-dien-tu-qua-vneid?isinwebview=true,Qualitative,
OCB,Technology,T2,Cho vay số/digital lending,đăng ký khoản vay trực tuyến qua API,50,API hỗ trợ đăng ký khoản vay trực tuyến trên nền tảng đối tác; chưa có KPI kết quả tín dụng số đủ định lượng.,OCB,,https://developer.api.ocb.com.vn/corporates/v2/vi,Qualitative,
OCB,Technology,T3,AI/GenAI,,,Chưa tìm thấy bằng chứng 2025 đủ cụ thể về AI/GenAI để chấm độc lập.,OCB,,,N/D,
OCB,Technology,T4,Open Banking/API,"API eKYC, account/transaction, wallet, QR",70,"OCB có API cho eKYC, tài khoản/giao dịch, ví điện tử, QR và dịch vụ trực tuyến.",OCB,,https://developer.api.ocb.com.vn/corporates/v2/vi,Qualitative,
OCB,Operations,O1,Tỷ trọng giao dịch trên kênh số,,,Không tìm thấy tỷ trọng giao dịch số trên tổng giao dịch với mẫu số phù hợp.,OCB,,,N/D,
OCB,Operations,O2,Số hóa/tự động hóa quy trình,,50,Quy trình onboarding và dịch vụ được số hóa qua API; bằng chứng chưa đủ để chấm mức 70 toàn hệ thống.,OCB,,https://developer.api.ocb.com.vn/corporates/v2/vi,Qualitative,
OCB,Operations,O3,Vận hành dịch vụ số,OCB OMNI,70,OCB OMNI là nền tảng ngân hàng số trọng tâm; phiên bản mới được ra mắt và có tăng trưởng sử dụng.,OCB,,https://ocb.com.vn/vi/tin-tuc-su-kien/uu-dai/ocb-dat-giai-ngan-hang-so-tang-truong-nhanh-nhat-viet-nam-2025,Qualitative,
OCB,Culture,H1,Đào tạo và năng lực số,,,Chưa có số liệu đào tạo năng lực số đủ rõ trong nguồn đã xác minh.,OCB,,,N/D,
OCB,Culture,H2,Đổi mới sáng tạo,Giá trị cốt lõi Sáng tạo,70,Đổi mới/sáng tạo là giá trị cốt lõi của OCB.,OCB BCTN 2025,11,,Qualitative,
OCB,Culture,H3,Quản trị thay đổi và văn hóa số,,,Chưa có bằng chứng riêng đủ mạnh về quản trị thay đổi/văn hóa số.,OCB,,,N/D,
OCB,Data,D1,Kiến trúc và tích hợp dữ liệu,API tài khoản/giao dịch + tích hợp đối tác,70,"Có kiến trúc API phục vụ tích hợp tài khoản, giao dịch và onboarding với đối tác.",OCB,,https://developer.api.ocb.com.vn/corporates/v2/vi,Qualitative,
OCB,Data,D2,Quản trị và an toàn dữ liệu,xác thực VNeID + bảo mật API,70,"Ứng dụng dữ liệu định danh chính xác/an toàn; API dùng HTTPS, OAuth2, mTLS.",OCB,,https://developer.api.ocb.com.vn/corporates/v2/vi,Qualitative,
OCB,Data,D3,Phân tích dữ liệu và cá nhân hóa,,50,Có nền tảng dữ liệu giao dịch và tích hợp tài khoản/đối tác; chưa có KPI cá nhân hóa/analytics đủ mạnh.,OCB,,https://developer.api.ocb.com.vn/corporates/v2/vi,Qualitative,
Agribank,Customer,C1,Mức độ bao phủ kênh/dịch vụ số,,70,Gia tăng tỷ lệ giao dịch trên kênh số và xây dựng hệ sinh thái ngân hàng số.,Agribank BCTN 2025,4,,Qualitative,
Agribank,Customer,C2,Mức độ khách hàng sử dụng kênh số,,,Chưa có tỷ trọng/số người dùng kênh số đủ chuẩn để chấm.,Agribank BCTN 2025,,,N/D,
Agribank,Customer,C3,Chất lượng trải nghiệm số,,,Chưa có chỉ số trải nghiệm khách hàng công khai đủ rõ.,Agribank BCTN 2025,,,N/D,
Agribank,Strategy,S1,Chiến lược và lộ trình chuyển đổi số,,70,Chuyển đổi số và dữ liệu được xác định là động lực cốt lõi; kế hoạch 2025 được triển khai toàn hệ thống.,Agribank,,https://www.agribank.com.vn/vn/ve-agribank/tin-tuc/dtl/%21ut/p/z1/jZFbT8IwFIB_DY_NabeyweMGc0iUq3OsL6ZsY6tIC1iG-OstISYC4mzS5Fy-cwcGM2CSV6LgWijJ34yeMOfFIgHt0Skehc2gjceOG0aDzsjG9wTic2D4SH0DtO7wU_BghRQD-088vvG82vhnSHxI9sOF18DFZTfXOPu7WAzsoqA16ZoM_Wjsdy2Cu3YN0LkCftlIXReJmcK9OYXnQFyJfA-RVNuVudH0mHGdigwSalt5c8EJopxiRJvUQa10biPitohN3EXb5hh6GPp1azV3F6-bDfOApUrq_EPDjBdzLpcNXOWIF1txUrSQSO_Sk3DmKRXXKFOy-GH7lpAWuUTr8ugtuSxPXFruDsacKYHeFcpyA5gUentk5-ZXO1nAehVF8oCWk96nP0Bh_AWoLAY_/,Qualitative,
Agribank,Strategy,S2,Đầu tư/ngân sách cho chuyển đổi số,,,Chưa có số ngân sách CĐS công khai đủ rõ để chấm.,Agribank BCTN 2025,,,N/D,
Agribank,Strategy,S3,Hệ sinh thái và quan hệ đối tác số,1.467 đối tác mới,70,"Mở rộng hệ sinh thái với 1.467 đối tác mới (Fintech/trung gian thanh toán), tổng giá trị giao dịch >73,3 nghìn tỷ đồng năm 2025.",Agribank,,https://www.agribank.com.vn/vn/ve-agribank/tin-tuc-su-kien/dang-bo-agribank/agribank-tang-toc-chuyen-doi-so-nang-tam-quan-tri-phat-huy-vai-tro-chu-luc-tam-nong,Qualitative,
Agribank,Technology,T1,eKYC và sinh trắc học,VNeID/eKYC,70,"Kết nối CSDL dân cư, tích hợp VNeID và phát triển định danh/xác thực điện tử.",Agribank,,https://www.agribank.com.vn/vn/ve-agribank/tin-tuc/dtl/%21ut/p/z0/fYzBCoJAEIafxuOwa5nRMSKsDmFEoHuJcRPdrN20Wam3b0SCTh2GmW_-j18okQllsTcVknEWb8y5is-TcB1toqNMk9l6IQ_xPDntV-lUbkOxE-q_wA3m2rZqKZR2lsoXiQyrAm0TyL4ErDozAhkL5HUgNWoYoKmRibwzQN2veeHPnUfX_l1aGPDpoEeoTemh9TgMl3UGLOeEtmLXjQd13vEqOOj9ELD-rRaPRuUfNaKjMQ%21%21/,Qualitative,
Agribank,Technology,T2,Cho vay số/digital lending,,50,Có định hướng/sản phẩm tín dụng số nhưng chưa có KPI end-to-end đủ rõ trong nguồn đã xác minh.,Agribank BCTN 2025,,,Qualitative,
Agribank,Technology,T3,AI/GenAI,AI,70,"Tích hợp AI vào đào tạo và nhiều nghiệp vụ; thử nghiệm AI trích xuất BCTC tăng tốc xử lý 5–6 lần, độ chính xác >95%.",Agribank,,https://www.agribank.com.vn/vn/ve-agribank/tin-tuc-su-kien/dang-bo-agribank/dang-bo-agribank-trong-hanh-trinh-chuyen-doi-so-va-tham-gia-kien-tao-ky-nguyen-moi,Qualitative,
Agribank,Technology,T4,Open Banking/API,Fintech/trung gian thanh toán,70,Mở rộng kết nối với 1.467 đối tác mới và hệ sinh thái số.,Agribank,,https://www.agribank.com.vn/vn/ve-agribank/tin-tuc-su-kien/dang-bo-agribank/agribank-tang-toc-chuyen-doi-so-nang-tam-quan-tri-phat-huy-vai-tro-chu-luc-tam-nong,Qualitative,
Agribank,Operations,O1,Tỷ trọng giao dịch trên kênh số,,,Chưa có tỷ trọng giao dịch số trên tổng giao dịch với mẫu số rõ trong nguồn đã xác minh.,Agribank BCTN 2025,,,N/D,
Agribank,Operations,O2,Số hóa/tự động hóa quy trình,số hóa phê duyệt tín dụng,70,Có giải pháp số hóa quy trình phê duyệt tín dụng vượt thẩm quyền.,Agribank BCTN 2025,,,Qualitative,
Agribank,Operations,O3,Vận hành dịch vụ số,Agribank Plus/Digital,70,"Nền tảng Agribank Plus, Agribank Digital và Open Smart Bank là các thành quả của hành trình số hóa.",Agribank,,https://www.agribank.com.vn/vn/ve-agribank/tin-tuc/dtl/%21ut/p/z0/fYzBCoJAEIafxuOwa5nRMSKsDmFEoHuJcRPdrN20Wam3b0SCTh2GmW_-j18okQllsTcVknEWb8y5is-TcB1toqNMk9l6IQ_xPDntV-lUbkOxE-q_wA3m2rZqKZR2lsoXiQyrAm0TyL4ErDozAhkL5HUgNWoYoKmRibwzQN2veeHPnUfX_l1aGPDpoEeoTemh9TgMl3UGLOeEtmLXjQd13vEqOOj9ELD-rRaPRuUfNaKjMQ%21%21/,Qualitative,
Agribank,Culture,H1,Đào tạo và năng lực số,35% chương trình đào tạo về công nghệ/CĐS/AI; 720 Đại sứ số/Hạt nhân số,70,"Đào tạo công nghệ, chuyển đổi số và AI chiếm 35% tổng số chương trình; hình thành 720 Đại sứ số/Hạt nhân số.",Agribank BCTN 2025,79,,Qualitative,
Agribank,Culture,H2,Đổi mới sáng tạo,,70,Có hội nghị chuyển đổi số và đổi mới sáng tạo; nhiều giải pháp công nghệ được ghi nhận.,Agribank,,https://www.agribank.com.vn/vn/ve-agribank/tin-tuc/dtl/%21ut/p/z0/fY3LCsJADEW_xmWY1icuRcTHQhQR6mwkTsvMWM3UNi32700RRDcuEpLce0-UVonShI23yD4Q3mQ_6fG5Hy-Gq-Eh2i1Hi2m0H0-Wx-18N4jWsdoo_d8gBH99PPRMaROIsyerBO0FKe9FTQZoS_9e2BNwbd7Dj-ICMqSB7LcbC-CylhsHJLjVBthJS7EVq4e7VIWdjAEKJwAufUaQCwxcMGA6HlmXQYNgXN2K2AWrIBH_-aSKXJ9epMJ9p8_A%21%21/,Qualitative,
Agribank,Culture,H3,Quản trị thay đổi và văn hóa số,,70,Bình dân học vụ số và đội ngũ Đại sứ số/Hạt nhân số được triển khai toàn hệ thống.,Agribank BCTN 2025,79,,Qualitative,
Agribank,Data,D1,Kiến trúc và tích hợp dữ liệu,Trung tâm Quản lý Dữ liệu,70,"Hình thành Trung tâm Quản lý Dữ liệu làm đầu mối quản trị, khai thác và phân tích dữ liệu.",Agribank BCTN 2025,,,Qualitative,
Agribank,Data,D2,Quản trị và an toàn dữ liệu,"làm sạch >10,2 triệu KH cá nhân",70,Chuẩn hóa dữ liệu khách hàng; tích hợp VNeID và giám sát hạ tầng trung tâm dữ liệu.,Agribank,,https://www.agribank.com.vn/vn/ve-agribank/tin-tuc/dtl/%21ut/p/z0/fYzBCoJAEIafxuOwa5nRMSKsDmFEoHuJcRPdrN20Wam3b0SCTh2GmW_-j18okQllsTcVknEWb8y5is-TcB1toqNMk9l6IQ_xPDntV-lUbkOxE-q_wA3m2rZqKZR2lsoXiQyrAm0TyL4ErDozAhkL5HUgNWoYoKmRibwzQN2veeHPnUfX_l1aGPDpoEeoTemh9TgMl3UGLOeEtmLXjQd13vEqOOj9ELD-rRaPRuUfNaKjMQ%21%21/,Qualitative,
Agribank,Data,D3,Phân tích dữ liệu và cá nhân hóa,AI trích xuất BCTC; Big Data,70,Ứng dụng AI và nền tảng dữ liệu vào nghiệp vụ; AI trích xuất BCTC tăng tốc xử lý 5–6 lần.,Agribank,,https://www.agribank.com.vn/vn/ve-agribank/tin-tuc-su-kien/dang-bo-agribank/dang-bo-agribank-trong-hanh-trinh-chuyen-doi-so-va-tham-gia-kien-tao-ky-nguyen-moi,Qualitative,
Vietcombank,Customer,C1,Mức độ bao phủ kênh/dịch vụ số,,70,"Đa dạng giải pháp số hóa toàn trình; VCB Digibank, Digibiz, Cashup và kết nối VNeID.",Vietcombank ESG 2025,,https://www.vietcombank.com.vn/-/media/Project/VCB-Sites/VCB/Nha-Dau-tu/Bao-cao-PTBV/VN_VCB_ESG-Report-2025.pdf?ts=20260428074438,Qualitative,
Vietcombank,Customer,C2,Mức độ khách hàng sử dụng kênh số,"91,4% giao dịch qua kênh số; bán lẻ >99%",91.4,"Tỷ trọng giao dịch số được công bố trực tiếp; dùng cho O1, còn C2 ghi nhận bằng chứng sử dụng nhưng không cộng lại để tránh trùng lặp.",Vietcombank ESG 2025,,https://www.vietcombank.com.vn/-/media/Project/VCB-Sites/VCB/Nha-Dau-tu/Bao-cao-PTBV/VN_VCB_ESG-Report-2025.pdf?ts=20260428074438,Quantitative,
Vietcombank,Customer,C3,Chất lượng trải nghiệm số,94% hài lòng/rất hài lòng,94,"46 chương trình khảo sát, gần 1 triệu phản hồi; 94% khách hàng đánh giá hài lòng/rất hài lòng.",Vietcombank ESG 2025,,https://vietcombank.com.vn/-/media/Project/VCB-Sites/VCB/Nha-Dau-tu/Bao-cao-PTBV/VN_VCB_ESG-Report-2025.pdf?ts=20260610022907,Quantitative,
Vietcombank,Strategy,S1,Chiến lược và lộ trình chuyển đổi số,,70,"Lộ trình chuyển đổi số 2025, định hướng 2030; chương trình hành động Digital–Data–Technology–Transformation.",Vietcombank,,https://www.vietcombank.com.vn/Trang-thong-tin-dien-tu/Articles/2025/06/25/20250625_Van-hoa-so_Ky-1,Qualitative,
Vietcombank,Strategy,S2,Đầu tư/ngân sách cho chuyển đổi số,,,Không có số ngân sách CĐS đủ rõ trong nguồn đã xác minh.,Vietcombank,,,N/D,
Vietcombank,Strategy,S3,Hệ sinh thái và quan hệ đối tác số,hệ sinh thái số mở/kết nối đối tác,70,Mở rộng kết nối với đối tác trung gian thanh toán và nền tảng thương mại điện tử; định hướng hệ sinh thái số mở.,Vietcombank ESG 2025,,https://www.vietcombank.com.vn/-/media/Project/VCB-Sites/VCB/Nha-Dau-tu/Bao-cao-PTBV/VN_VCB_ESG-Report-2025.pdf?ts=20260428074438,Qualitative,
Vietcombank,Technology,T1,eKYC và sinh trắc học,VNeID + chữ ký số,70,VCB Digibank kết nối Cổng ký số tập trung từ xa VNeID; triển khai các giải pháp định danh/xác thực số.,Vietcombank,,https://www.vietcombank.com.vn/Trang-thong-tin-dien-tu/Articles/2025/06/25/20250625_Van-hoa-so_Ky-1,Qualitative,
Vietcombank,Technology,T2,Cho vay số/digital lending,,,Chưa có bằng chứng đủ cụ thể về digital lending trong nguồn đã xác minh.,Vietcombank,,,N/D,
Vietcombank,Technology,T3,AI/GenAI,AI/data,70,"Khối Dữ liệu có nhiệm vụ xây dựng nền tảng dữ liệu và phục vụ phân tích chuyên sâu, ứng dụng AI; đào tạo AI trên toàn hệ thống.",Vietcombank,,https://vietcombank.com.vn/vi-VN/Trang-thong-tin-dien-tu/Articles/2025/12/10/20251209_Vietcombank-to-chuc-Le-cong-bo-Quyet-dinh-Nhan-su-lanh-dao-don-vi-tai-Tru-so-chinh,Qualitative,
Vietcombank,Technology,T4,Open Banking/API,,50,Nguồn ESG xác nhận mở rộng kết nối đối tác trung gian thanh toán/nền tảng TMĐT; chưa có bằng chứng API cụ thể đủ mạnh.,Vietcombank ESG 2025,,https://www.vietcombank.com.vn/-/media/Project/VCB-Sites/VCB/Nha-Dau-tu/Bao-cao-PTBV/VN_VCB_ESG-Report-2025.pdf?ts=20260428074438,Qualitative,
Vietcombank,Operations,O1,Tỷ trọng giao dịch trên kênh số,"91,4% giao dịch qua kênh số; bán lẻ >99%",91.4,Tỷ trọng giao dịch trên kênh số được công bố trực tiếp.,Vietcombank ESG 2025,,https://www.vietcombank.com.vn/-/media/Project/VCB-Sites/VCB/Nha-Dau-tu/Bao-cao-PTBV/VN_VCB_ESG-Report-2025.pdf?ts=20260428074438,Quantitative,
Vietcombank,Operations,O2,Số hóa/tự động hóa quy trình,,70,Triển khai nhiều giải pháp số hóa toàn trình; chương trình chuyển đổi số tập trung cải tiến quy trình nghiệp vụ.,Vietcombank,,https://www.vietcombank.com.vn/Trang-thong-tin-dien-tu/Articles/2025/12/02/Bai-3_Van-hoa-so_VCI,Qualitative,
Vietcombank,Operations,O3,Vận hành dịch vụ số,,70,VCB Digibank/Digibiz/Cashup và hỗ trợ trực tiếp từ Digibank tới tổng đài; dịch vụ số vận hành ở quy mô lớn.,Vietcombank ESG 2025,,https://vietcombank.com.vn/-/media/Project/VCB-Sites/VCB/Nha-Dau-tu/Bao-cao-PTBV/VN_VCB_ESG-Report-2025.pdf?ts=20260610022907,Qualitative,
Vietcombank,Culture,H1,Đào tạo và năng lực số,50 khóa/29.404 lượt học viên 9T2025,70,"Đào tạo CNTT&CĐS, dữ liệu và Agile; 50 khóa, 29.404 lượt học viên trong 9 tháng đầu 2025.",Vietcombank,,https://www.vietcombank.com.vn/vi-VN/Trang-thong-tin-dien-tu/Articles/2025/12/24/20251224_Van-hoa-so-4_TDT_Lan-toa-van-hoa-so-trong-dao-tao,Qualitative,
Vietcombank,Culture,H2,Đổi mới sáng tạo,,70,Tổ chức hội thi CNTT–CĐS–Dữ liệu và ngày hội đổi mới sáng tạo YouUp.,Vietcombank,,https://www.vietcombank.com.vn/vi-VN/Trang-thong-tin-dien-tu/Articles/2025/12/31/20251220_TDT_NTCL_LHQ_ChungCNTT_CDS_DL_HaLong,Qualitative,
Vietcombank,Culture,H3,Quản trị thay đổi và văn hóa số,,70,"Kế hoạch 108-KH/ĐU về văn hóa số toàn hệ thống; xây dựng và lan tỏa văn hóa số, thay đổi nhận thức/hành vi.",Vietcombank,,https://www.vietcombank.com.vn/vi-VN/Trang-thong-tin-dien-tu/Articles/2025/11/05/20251105_BTG_Chuyen-doi-so-gan-voi-cong-tac-dan-van,Qualitative,
Vietcombank,Data,D1,Kiến trúc và tích hợp dữ liệu,Khối Dữ liệu + nền tảng dữ liệu,70,Thành lập Khối Dữ liệu; xây dựng nền tảng dữ liệu và phục vụ phân tích/AI.,Vietcombank,,https://vietcombank.com.vn/vi-VN/Trang-thong-tin-dien-tu/Articles/2025/12/10/20251209_Vietcombank-to-chuc-Le-cong-bo-Quyet-dinh-Nhan-su-lanh-dao-don-vi-tai-Tru-so-chinh,Qualitative,
Vietcombank,Data,D2,Quản trị và an toàn dữ liệu,,70,Khung chuyển đổi số gắn bảo mật/an toàn thông tin; đào tạo phổ cập bảo mật; nền tảng dữ liệu có tổ chức chuyên trách.,Vietcombank,,https://www.vietcombank.com.vn/vi-VN/Trang-thong-tin-dien-tu/Articles/2025/12/24/20251224_Van-hoa-so-4_TDT_Lan-toa-van-hoa-so-trong-dao-tao,Qualitative,
Vietcombank,Data,D3,Phân tích dữ liệu và cá nhân hóa,,70,Khối Dữ liệu phục vụ phân tích chuyên sâu và AI; quyết định dựa trên dữ liệu là một nguyên tắc văn hóa số.,Vietcombank,,https://vietcombank.com.vn/vi-VN/Trang-thong-tin-dien-tu/Articles/2025/12/10/20251209_Vietcombank-to-chuc-Le-cong-bo-Quyet-dinh-Nhan-su-lanh-dao-don-vi-tai-Tru-so-chinh,Qualitative,
