Bank,Criterion,Assessment_Year,Resolution_Status,Reason,What_Would_Close_Gap
Vietcombank,C2,2025,N/D - chờ dữ liệu phù hợp,Chưa có tỷ lệ sử dụng kênh số đúng nghĩa với mẫu số/tập khách hàng so sánh được. Số người dùng tuyệt đối hoặc tốc độ tăng trưởng không thay thế tỷ lệ thâm nhập.,"Báo cáo tỷ lệ người dùng số trên tập khách hàng xác định (hoặc định nghĩa chính thức tương đương), kỳ 2025."
Vietcombank,C3,2025,N/D - chờ dữ liệu phù hợp,Chỉ có snapshot Google Play thu thập năm 2026; không được ghi ngược vào snapshot đánh giá 2025. Cần snapshot lưu trữ đúng kỳ 2025.,Ảnh chụp Google Play/đánh giá app được lưu tại 31/12/2025 hoặc nguồn lưu trữ có ngày rõ ràng.
OCB,C3,2025,N/D - chờ dữ liệu phù hợp,Chỉ có snapshot Google Play thu thập năm 2026; không được ghi ngược vào snapshot đánh giá 2025. Cần snapshot lưu trữ đúng kỳ 2025.,Ảnh chụp Google Play/đánh giá app được lưu tại 31/12/2025 hoặc nguồn lưu trữ có ngày rõ ràng.
OCB,H3,2025,N/D - chờ dữ liệu phù hợp,"Chưa tìm được bằng chứng công khai 2025 đủ cụ thể về quản trị thay đổi/văn hóa số cấp toàn ngân hàng; đào tạo được tính ở H1, không thay thế H3.","Bằng chứng cấp ngân hàng về chương trình quản trị thay đổi/văn hóa số, thời gian triển khai và phạm vi toàn hệ thống."
Agribank,C3,2025,N/D - chờ dữ liệu phù hợp,Chỉ có snapshot Google Play thu thập năm 2026; không được ghi ngược vào snapshot đánh giá 2025. Cần snapshot lưu trữ đúng kỳ 2025.,Ảnh chụp Google Play/đánh giá app được lưu tại 31/12/2025 hoặc nguồn lưu trữ có ngày rõ ràng.
ACB,C2,2025,N/D - chờ dữ liệu phù hợp,Chưa có tỷ lệ sử dụng kênh số đúng nghĩa với mẫu số/tập khách hàng so sánh được. Số người dùng tuyệt đối hoặc tốc độ tăng trưởng không thay thế tỷ lệ thâm nhập.,"Báo cáo tỷ lệ người dùng số trên tập khách hàng xác định (hoặc định nghĩa chính thức tương đương), kỳ 2025."
ACB,C3,2025,N/D - chờ dữ liệu phù hợp,Chỉ có snapshot Google Play thu thập năm 2026; không được ghi ngược vào snapshot đánh giá 2025. Cần snapshot lưu trữ đúng kỳ 2025.,Ảnh chụp Google Play/đánh giá app được lưu tại 31/12/2025 hoặc nguồn lưu trữ có ngày rõ ràng.
ACB,O1,2025,N/D - chờ dữ liệu phù hợp,"Chưa có tỷ trọng tổng giao dịch qua kênh số năm 2025 với phạm vi xác nhận. Số 98% của ACB là tăng trưởng giao dịch năm 2024; số 98% mobile của VPBank là phần trong giao dịch số, không phải toàn bộ giao dịch.","Tỷ lệ tổng giao dịch số trên tổng giao dịch cùng phạm vi, kỳ 2025; xác nhận kênh và loại giao dịch."
VPBank,C2,2025,N/D - chờ dữ liệu phù hợp,Chưa có tỷ lệ sử dụng kênh số đúng nghĩa với mẫu số/tập khách hàng so sánh được. Số người dùng tuyệt đối hoặc tốc độ tăng trưởng không thay thế tỷ lệ thâm nhập.,"Báo cáo tỷ lệ người dùng số trên tập khách hàng xác định (hoặc định nghĩa chính thức tương đương), kỳ 2025."
VPBank,C3,2025,N/D - chờ dữ liệu phù hợp,Chỉ có snapshot Google Play thu thập năm 2026; không được ghi ngược vào snapshot đánh giá 2025. Cần snapshot lưu trữ đúng kỳ 2025.,Ảnh chụp Google Play/đánh giá app được lưu tại 31/12/2025 hoặc nguồn lưu trữ có ngày rõ ràng.
VPBank,O1,2025,N/D - chờ dữ liệu phù hợp,"Chưa có tỷ trọng tổng giao dịch qua kênh số năm 2025 với phạm vi xác nhận. Số 98% của ACB là tăng trưởng giao dịch năm 2024; số 98% mobile của VPBank là phần trong giao dịch số, không phải toàn bộ giao dịch.","Tỷ lệ tổng giao dịch số trên tổng giao dịch cùng phạm vi, kỳ 2025; xác nhận kênh và loại giao dịch."
VPBank,H3,2025,N/D - chờ dữ liệu phù hợp,"Chưa tìm được bằng chứng công khai 2025 đủ cụ thể về quản trị thay đổi/văn hóa số cấp toàn ngân hàng; đào tạo được tính ở H1, không thay thế H3.","Bằng chứng cấp ngân hàng về chương trình quản trị thay đổi/văn hóa số, thời gian triển khai và phạm vi toàn hệ thống."
